{"Entries":{"Entry":{"fk_livello5":"2.1.1.1.2","C1a":76.00000,"C2a":75.00000,"C3a":78.00000,"C4a":76.00000,"C5a":75.00000,"C6a":78.00000,"C7a":78.00000,"C8a":68.00000,"C9a":65.00000,"C10a":46.00000,"C11a":47.00000,"C12a":63.00000,"C13a":39.00000,"C14a":50.00000,"C15a":60.00000,"C16a":38.00000,"C17a":65.00000,"C18a":56.00000,"C19a":32.00000,"C20a":59.00000,"C21a":23.00000,"C22a":56.00000,"C23a":39.00000,"C24a":28.00000,"C25a":34.00000,"C26a":18.00000,"C27a":40.00000,"C28a":5.00000,"C29a":27.00000,"C30a":34.00000,"C31a":45.00000,"C32a":54.00000,"C33a":45.00000,"C34a":43.00000,"C35a":50.00000}}}