{"Entries":{"Entry":{"fk_livello5":"2.1.1.1.1","C1a":95.00000,"C2a":90.00000,"C3a":91.00000,"C4a":88.00000,"C5a":91.00000,"C6a":98.00000,"C7a":96.00000,"C8a":94.00000,"C9a":80.00000,"C10a":78.00000,"C11a":54.00000,"C12a":78.00000,"C13a":50.00000,"C14a":55.00000,"C15a":89.00000,"C16a":57.00000,"C17a":91.00000,"C18a":86.00000,"C19a":76.00000,"C20a":88.00000,"C21a":70.00000,"C22a":90.00000,"C23a":70.00000,"C24a":63.00000,"C25a":69.00000,"C26a":48.00000,"C27a":76.00000,"C28a":44.00000,"C29a":60.00000,"C30a":63.00000,"C31a":77.00000,"C32a":83.00000,"C33a":70.00000,"C34a":69.00000,"C35a":66.00000}}}