{"Entries":{"Entry":{"fk_livello5":"3.2.1.2.7","C1a":70.00000,"C2a":87.00000,"C3a":67.00000,"C4a":86.00000,"C5a":17.00000,"C6a":17.00000,"C7a":77.00000,"C8a":69.00000,"C9a":63.00000,"C10a":65.00000,"C11a":85.00000,"C12a":87.00000,"C13a":60.00000,"C14a":69.00000,"C15a":75.00000,"C16a":78.00000,"C17a":76.00000,"C18a":60.00000,"C19a":14.00000,"C20a":39.00000,"C21a":5.00000,"C22a":3.00000,"C23a":14.00000,"C24a":2.00000,"C25a":4.00000,"C26a":5.00000,"C27a":21.00000,"C28a":2.00000,"C29a":25.00000,"C30a":26.00000,"C31a":51.00000,"C32a":77.00000,"C33a":37.00000,"C34a":43.00000,"C35a":46.00000}}}